{
    "en.wikipedia.org": {
        "ipv4_addresses": [
            "208.67.222.222#53",
            "208.80.154.224",
            "1.1.1.1#53",
            "208.80.154.224",
            "8.8.8.8#53",
            "208.80.153.224",
            "8.26.56.26#53",
            "208.80.154.224",
            "9.9.9.9#53",
            "208.80.154.224",
            "64.6.65.6#53",
            "208.80.153.224",
            "185.228.168.168#53",
            "208.80.154.224",
            "77.88.8.7#53",
            "91.198.174.192",
            "156.154.70.1#53",
            "208.80.154.224"
        ],
        "ipv6_addresses": [
            "208.67.222.222#53",
            "1.1.1.1#53",
            "8.8.8.8#53",
            "8.26.56.26#53",
            "9.9.9.9#53",
            "64.6.65.6#53",
            "185.228.168.168#53",
            "77.88.8.7#53",
            "156.154.70.1#53"
        ],
        "scan_time": 1678345048.541955
    },
    "twitter.com": {
        "ipv4_addresses": [
            "208.67.222.222#53",
            "104.244.42.193",
            "104.244.42.1",
            "1.1.1.1#53",
            "104.244.42.1",
            "104.244.42.65",
            "104.244.42.129",
            "104.244.42.193",
            "8.8.8.8#53",
            "104.244.42.129",
            "104.244.42.1",
            "104.244.42.193",
            "104.244.42.65",
            "8.26.56.26#53",
            "104.244.42.65",
            "104.244.42.129",
            "9.9.9.9#53",
            "104.244.42.129",
            "104.244.42.1",
            "104.244.42.193",
            "104.244.42.65",
            "64.6.65.6#53",
            "104.244.42.193",
            "104.244.42.129",
            "185.228.168.168#53",
            "104.244.42.1",
            "104.244.42.193",
            "104.244.42.129",
            "104.244.42.65",
            "77.88.8.7#53",
            "104.244.42.129",
            "156.154.70.1#53",
            "104.244.42.65",
            "104.244.42.129"
        ],
        "ipv6_addresses": [
            "208.67.222.222#53",
            "1.1.1.1#53",
            "8.8.8.8#53",
            "8.26.56.26#53",
            "9.9.9.9#53",
            "64.6.65.6#53",
            "185.228.168.168#53",
            "77.88.8.7#53",
            "156.154.70.1#53"
        ],
        "scan_time": 1678345061.817309
    },
    "youtube.com": {
        "ipv4_addresses": [
            "208.67.222.222#53",
            "142.250.191.174",
            "1.1.1.1#53",
            "142.251.32.14",
            "8.8.8.8#53",
            "142.250.191.174",
            "8.26.56.26#53",
            "142.250.191.174",
            "9.9.9.9#53",
            "142.250.190.78",
            "64.6.65.6#53",
            "142.250.138.91",
            "142.250.138.93",
            "142.250.138.136",
            "142.250.138.190",
            "185.228.168.168#53",
            "142.251.32.14",
            "77.88.8.7#53",
            "209.85.233.190",
            "209.85.233.91",
            "209.85.233.136",
            "209.85.233.93",
            "156.154.70.1#53",
            "142.250.190.142"
        ],
        "ipv6_addresses": [
            "208.67.222.222#53",
            "1.1.1.1#53",
            "8.8.8.8#53",
            "8.26.56.26#53",
            "9.9.9.9#53",
            "64.6.65.6#53",
            "185.228.168.168#53",
            "77.88.8.7#53",
            "156.154.70.1#53"
        ],
        "scan_time": 1678345035.537251
    }
}