{
    "accuweather.com\n": {
        "scan_time": 1678343225.492779
    },
    "allrecipes.com\n": {
        "scan_time": 1678343225.4927669
    },
    "amazon.com\n": {
        "scan_time": 1678343225.492744
    },
    "aol.com\n": {
        "scan_time": 1678343225.49277
    },
    "apartments.com\n": {
        "scan_time": 1678343225.492785
    },
    "apple.com\n": {
        "scan_time": 1678343225.4927528
    },
    "bankofamerica.com\n": {
        "scan_time": 1678343225.492789
    },
    "bbb.org\n": {
        "scan_time": 1678343225.492789
    },
    "bestbuy.com\n": {
        "scan_time": 1678343225.492764
    },
    "bleacherreport.com\n": {
        "scan_time": 1678343225.492778
    },
    "books.google.com\n": {
        "scan_time": 1678343225.492788
    },
    "britannica.com\n": {
        "scan_time": 1678343225.492762
    },
    "businessinsider.com\n": {
        "scan_time": 1678343225.492762
    },
    "ca.gov\n": {
        "scan_time": 1678343225.492778
    },
    "cbssports.com\n": {
        "scan_time": 1678343225.4927769
    },
    "chase.com\n": {
        "scan_time": 1678343225.492785
    },
    "cnet.com\n": {
        "scan_time": 1678343225.492768
    },
    "cnn.com\n": {
        "scan_time": 1678343225.492756
    },
    "craigslist.org\n": {
        "scan_time": 1678343225.4927502
    },
    "dictionary.com\n": {
        "scan_time": 1678343225.4927628
    },
    "ebay.com\n": {
        "scan_time": 1678343225.4927511
    },
    "en.wikipedia.org\n": {
        "scan_time": 1678343225.4927418
    },
    "espn.com\n": {
        "scan_time": 1678343225.4927528
    },
    "etsy.com\n": {
        "scan_time": 1678343225.4927518
    },
    "expedia.com\n": {
        "scan_time": 1678343225.492789
    },
    "facebook.com\n": {
        "scan_time": 1678343225.492743
    },
    "fandom.com\n": {
        "scan_time": 1678343225.492748
    },
    "fb.com\n": {
        "scan_time": 1678343225.492754
    },
    "finance.yahoo.com\n": {
        "scan_time": 1678343225.492769
    },
    "foodnetwork.com\n": {
        "scan_time": 1678343225.4927738
    },
    "forbes.com\n": {
        "scan_time": 1678343225.492768
    },
    "foxnews.com\n": {
        "scan_time": 1678343225.4927669
    },
    "gamepedia.com\n": {
        "scan_time": 1678343225.492757
    },
    "genius.com\n": {
        "scan_time": 1678343225.4927669
    },
    "glassdoor.com\n": {
        "scan_time": 1678343225.492768
    },
    "go.com\n": {
        "scan_time": 1678343225.492779
    },
    "google.com\n": {
        "scan_time": 1678343225.492755
    },
    "groupon.com\n": {
        "scan_time": 1678343225.492782
    },
    "healthline.com\n": {
        "scan_time": 1678343225.4927518
    },
    "homedepot.com\n": {
        "scan_time": 1678343225.492758
    },
    "huffpost.com\n": {
        "scan_time": 1678343225.492786
    },
    "hulu.com\n": {
        "scan_time": 1678343225.492775
    },
    "ign.com\n": {
        "scan_time": 1678343225.49279
    },
    "imdb.com\n": {
        "scan_time": 1678343225.492747
    },
    "indeed.com\n": {
        "scan_time": 1678343225.4927518
    },
    "instagram.com\n": {
        "scan_time": 1678343225.492749
    },
    "investopedia.com\n": {
        "scan_time": 1678343225.492782
    },
    "irs.gov\n": {
        "scan_time": 1678343225.492769
    },
    "linkedin.com\n": {
        "scan_time": 1678343225.4927511
    },
    "live.com\n": {
        "scan_time": 1678343225.492775
    },
    "lowes.com\n": {
        "scan_time": 1678343225.492769
    },
    "macys.com\n": {
        "scan_time": 1678343225.492778
    },
    "mail.yahoo.com\n": {
        "scan_time": 1678343225.49277
    },
    "mapquest.com\n": {
        "scan_time": 1678343225.492762
    },
    "mayoclinic.org\n": {
        "scan_time": 1678343225.492764
    },
    "medicalnewstoday.com\n": {
        "scan_time": 1678343225.492766
    },
    "merriam-webster.com\n": {
        "scan_time": 1678343225.492756
    },
    "microsoft.com\n": {
        "scan_time": 1678343225.492757
    },
    "msn.com\n": {
        "scan_time": 1678343225.492765
    },
    "netflix.com\n": {
        "scan_time": 1678343225.492759
    },
    "nih.gov\n": {
        "scan_time": 1678343225.492758
    },
    "npr.org\n": {
        "scan_time": 1678343225.492785
    },
    "nytimes.com\n": {
        "scan_time": 1678343225.492755
    },
    "office.com\n": {
        "scan_time": 1678343225.4927711
    },
    "paypal.com\n": {
        "scan_time": 1678343225.4927738
    },
    "pinterest.com\n": {
        "scan_time": 1678343225.492748
    },
    "play.google.com\n": {
        "scan_time": 1678343225.4927511
    },
    "quizlet.com\n": {
        "scan_time": 1678343225.492759
    },
    "quora.com\n": {
        "scan_time": 1678343225.492758
    },
    "reddit.com\n": {
        "scan_time": 1678343225.492747
    },
    "retailmenot.com\n": {
        "scan_time": 1678343225.4927711
    },
    "roblox.com\n": {
        "scan_time": 1678343225.492786
    },
    "rottentomatoes.com\n": {
        "scan_time": 1678343225.492758
    },
    "spotify.com\n": {
        "scan_time": 1678343225.4927669
    },
    "steamcommunity.com\n": {
        "scan_time": 1678343225.492784
    },
    "steampowered.com\n": {
        "scan_time": 1678343225.49277
    },
    "target.com\n": {
        "scan_time": 1678343225.492757
    },
    "techradar.com\n": {
        "scan_time": 1678343225.49278
    },
    "theguardian.com\n": {
        "scan_time": 1678343225.492764
    },
    "tripadvisor.com\n": {
        "scan_time": 1678343225.492749
    },
    "twitter.com\n": {
        "scan_time": 1678343225.492743
    },
    "urbandictionary.com\n": {
        "scan_time": 1678343225.492766
    },
    "usatoday.com\n": {
        "scan_time": 1678343225.492765
    },
    "usnews.com\n": {
        "scan_time": 1678343225.492766
    },
    "usps.com\n": {
        "scan_time": 1678343225.4927711
    },
    "walmart.com\n": {
        "scan_time": 1678343225.4927502
    },
    "washingtonpost.com\n": {
        "scan_time": 1678343225.49277
    },
    "wayfair.com\n": {
        "scan_time": 1678343225.4927769
    },
    "weather.com\n": {
        "scan_time": 1678343225.492759
    },
    "webmd.com\n": {
        "scan_time": 1678343225.492754
    },
    "wellsfargo.com\n": {
        "scan_time": 1678343225.492785
    },
    "wikihow.com\n": {
        "scan_time": 1678343225.49279
    },
    "wiktionary.org\n": {
        "scan_time": 1678343225.492772
    },
    "wowhead.com\n": {
        "scan_time": 1678343225.49279
    },
    "xfinity.com\n": {
        "scan_time": 1678343225.492779
    },
    "yahoo.com\n": {
        "scan_time": 1678343225.492765
    },
    "yellowpages.com\n": {
        "scan_time": 1678343225.492783
    },
    "yelp.com\n": {
        "scan_time": 1678343225.492744
    },
    "youtube.com\n": {
        "scan_time": 1678343225.492741
    },
    "zillow.com\n": {
        "scan_time": 1678343225.4927628
    }
}
